{
  "Comment": "Execute Data ML Repository Pipeline",
  "StartAt": "Create_Streaming_Infra",
  "States": {
    "Create_Streaming_Infra": {
      "Type": "Task",
      "Resource": "arn:aws-us-gov:states:us-gov-west-1:arn_number_id_here:elasticmapreduce:createCluster.sync",
      "Parameters": {
        "Name": "step1",
        "VisibleToAllUsers": true,
        "ReleaseLabel": "emr-5.29.0",
        "Applications": [
          {
            "Name": "Hadoop"
          },
          {
            "Name": "Spark"
          }
        ],
        "ServiceRole": "EMR_DefaultRole",
        "JobFlowRole": "EMR_EC2_DefaultRole",
        "LogUri": "s3://aws-logs-arn_number_id_here-us-gov-west-1/elasticmapreduce/",
        "Instances": {
          "KeepJobFlowAliveWhenNoSteps": true,
          "InstanceGroups": [
            {
              "Name": "Master Instance Group",
              "InstanceRole": "MASTER",
              "InstanceCount": 1,
              "InstanceType": "r5.4xlarge",
              "Market": "ON_DEMAND"
            },
            {
              "Name": "Core Instance Group",
              "InstanceRole": "CORE",
              "InstanceCount": 4,
              "InstanceType": "r5.4xlarge",
              "Market": "ON_DEMAND"
            }
          ],
          "Ec2KeyName": "ec2_key_name",
          "Ec2SubnetId": "subnet-id",
          "EmrManagedMasterSecurityGroup": "sg-id",
          "EmrManagedSlaveSecurityGroup": "sg-id",
          "ServiceAccessSecurityGroup": "sg-id"
        },
        "Configurations": [
          {
            "Classification": "spark-env",
            "Configurations": [
              {
                "Classification": "export",
                "Properties": {
                  "PYSPARK_PYTHON": "/usr/bin/python3",
                  "PYSPARK_PYTHON_DRIVER": "/usr/bin/python3"
                },
                "Configurations": []
              }
            ],
            "Properties": {}
          },
          {
            "Classification": "spark-defaults",
            "Properties": {
              "spark.yarn.appMasterEnv.SPARK_HOME": "/usr/lib/spark",
              "spark.yarn.appMasterEnv.PYSPARK_PYTHON": "/usr/bin/python3",
              "spark.executorEnv.PYSPARK_PYTHON": "/usr/bin/python3",
              "spark.executor.cores": "5",
              "spark.driver.cores": "5",
              "spark.driver.memory": "37000M",
              "spark.executor.memory": "37000M",
              "spark.executor.memoryOverhead": "5000M",
              "spark.driver.memoryOverhead": "5000M",
              "spark.default.parallelism": "110",
              "spark.executor.instances": "11",
              "spark.serializer": "org.apache.spark.serializer.KryoSerializer",
              "spark.dynamicAllocation.enabled": "false",
              "spark.executor.extraJavaOptions": "-XX:+UseG1GC -XX:+UnlockDiagnosticVMOptions -XX:+G1SummarizeConcMark -XX:InitiatingHeapOccupancyPercent=35 -verbose:gc -XX:+PrintGCDetails -XX:+PrintGCDateStamps -XX:OnOutOfMemoryError='kill -9 %p'",
              "spark.driver.extraJavaOptions": "-XX:+UseG1GC -XX:+UnlockDiagnosticVMOptions -XX:+G1SummarizeConcMark -XX:InitiatingHeapOccupancyPercent=35 -verbose:gc -XX:+PrintGCDetails -XX:+PrintGCDateStamps -XX:OnOutOfMemoryError='kill -9 %p'"
            }
          },
          {
            "Classification": "yarn-site",
            "Properties": {
              "yarn.nodemanager.vmem-check-enabled": "false",
              "yarn.nodemanager.pmem-check-enabled": "false"
            }
          }
        ]
      },
      "ResultPath": "$.cluster",
      "Next": "Streaming_Job_Step_1"
    },
    "Streaming_Job_Step_1": {
      "Type": "Task",
      "Resource": "arn:aws-us-gov:states:us-gov-west-1:arn_number_id_here:elasticmapreduce:addStep.sync",
      "Parameters": {
        "ClusterId.$": "$.cluster.ClusterId",
        "Step": {
          "Name": "sss",
          "ActionOnFailure": "TERMINATE_CLUSTER",
          "HadoopJarStep": {
            "Jar": "command-runner.jar",
            "Args": [
              "spark-submit",
              "--deploy-mode",
              "cluster",
              "--class",
              "sssIiotApp",
              "s3://aero-iiot/datasets/e363549/iiot-analytics-pipeline/jars/sss-iiot-json-parser-parquet-conversion_2.11-1.0.jar",
              "1000",
              "s3://aero-iiot/datasets/greengrass/raw/",
              "8",
              "s3://aero-iiot/datasets/e363549/iiot-analytics-pipeline/logs/stream-s3-parquet-sink-iron-cp",
              "180 seconds",
              "s3://aero-iiot/datasets/e363549/iiot-analytics-pipeline/iron/stream-s3-parquet-sink-iron.parquet",
              "1200000"
            ]
          }
        }
      },
      "ResultPath": "$.firstStep",
      "Next": "Terminate_Streaming_Infra"
    },
    "Terminate_Streaming_Infra": {
      "Type": "Task",
      "Resource": "arn:aws-us-gov:states:us-gov-west-1:arn_number_id_here:elasticmapreduce:terminateCluster.sync",
      "Parameters": {
        "ClusterId.$": "$.cluster.ClusterId"
      },
      "Next": "Create_Repartition_Infra"
    },
    "Create_Repartition_Infra": {
      "Type": "Task",
      "Resource": "arn:aws-us-gov:states:us-gov-west-1:arn_number_id_here:elasticmapreduce:createCluster.sync",
      "Parameters": {
        "Name": "step2",
        "VisibleToAllUsers": true,
        "ReleaseLabel": "emr-5.29.0",
        "Applications": [
          {
            "Name": "Hadoop"
          },
          {
            "Name": "Spark"
          }
        ],
        "ServiceRole": "EMR_DefaultRole",
        "JobFlowRole": "EMR_EC2_DefaultRole",
        "LogUri": "s3://aws-logs-arn_number_id_here-us-gov-west-1/elasticmapreduce/",
        "Instances": {
          "KeepJobFlowAliveWhenNoSteps": true,
          "InstanceGroups": [
            {
              "Name": "Master Instance Group",
              "InstanceRole": "MASTER",
              "InstanceCount": 1,
              "InstanceType": "m5.16xlarge",
              "Market": "ON_DEMAND"
            },
            {
              "Name": "Core Instance Group",
              "InstanceRole": "CORE",
              "InstanceCount": 6,
              "InstanceType": "m5.16xlarge",
              "Market": "ON_DEMAND"
            }
          ],
          "Ec2KeyName": "ec2_key_name",
          "Ec2SubnetId": "subnet-id",
          "EmrManagedMasterSecurityGroup": "sg-id",
          "EmrManagedSlaveSecurityGroup": "sg-id",
          "ServiceAccessSecurityGroup": "sg-id"
        },
        "Configurations": [
          {
            "Classification": "spark-env",
            "Configurations": [
              {
                "Classification": "export",
                "Properties": {
                  "PYSPARK_PYTHON": "/usr/bin/python3",
                  "PYSPARK_PYTHON_DRIVER": "/usr/bin/python3"
                },
                "Configurations": []
              }
            ],
            "Properties": {}
          },
          {
            "Classification": "spark-defaults",
            "Properties": {
              "spark.yarn.appMasterEnv.SPARK_HOME": "/usr/lib/spark",
              "spark.yarn.appMasterEnv.PYSPARK_PYTHON": "/usr/bin/python3",
              "spark.executorEnv.PYSPARK_PYTHON": "/usr/bin/python3",
              "spark.executor.cores": "5",
              "spark.driver.cores": "5",
              "spark.driver.memory": "18000M",
              "spark.executor.memory": "18000M",
              "spark.executor.memoryOverhead": "3000M",
              "spark.driver.memoryOverhead": "3000M",
              "spark.default.parallelism": "710",
              "spark.executor.instances": "71",
              "spark.serializer": "org.apache.spark.serializer.KryoSerializer",
              "spark.dynamicAllocation.enabled": "false",
              "spark.executor.extraJavaOptions": "-XX:+UseG1GC -XX:+UnlockDiagnosticVMOptions -XX:+G1SummarizeConcMark -XX:InitiatingHeapOccupancyPercent=35 -verbose:gc -XX:+PrintGCDetails -XX:+PrintGCDateStamps -XX:OnOutOfMemoryError='kill -9 %p'",
              "spark.driver.extraJavaOptions": "-XX:+UseG1GC -XX:+UnlockDiagnosticVMOptions -XX:+G1SummarizeConcMark -XX:InitiatingHeapOccupancyPercent=35 -verbose:gc -XX:+PrintGCDetails -XX:+PrintGCDateStamps -XX:OnOutOfMemoryError='kill -9 %p'"
            }
          },
          {
            "Classification": "yarn-site",
            "Properties": {
              "yarn.nodemanager.vmem-check-enabled": "false",
              "yarn.nodemanager.pmem-check-enabled": "false"
            }
          }
        ]
      },
      "ResultPath": "$.cluster",
      "Next": "Repartition_Job_Step_1"
    },
    "Repartition_Job_Step_1": {
      "Type": "Task",
      "Resource": "arn:aws-us-gov:states:us-gov-west-1:arn_number_id_here:elasticmapreduce:addStep.sync",
      "Parameters": {
        "ClusterId.$": "$.cluster.ClusterId",
        "Step": {
          "Name": "repartition",
          "ActionOnFailure": "TERMINATE_CLUSTER",
          "HadoopJarStep": {
            "Jar": "command-runner.jar",
            "Args": [
              "spark-submit",
              "--deploy-mode",
              "cluster",
              "--class",
              "repartitionIiotApp",
              "s3://aero-iiot/datasets/e363549/iiot-analytics-pipeline/jars/repartition-iiot-last-n-months-file-size-optimizer_2.11-1.0.jar",
              "s3://aero-iiot/datasets/e363549/iiot-analytics-pipeline/iron/historical-stream-s3-parquet-sink-iron.parquet/",
              "-12",
              "s3://aero-iiot/datasets/e363549/iiot-analytics-pipeline/iron/stream-s3-parquet-sink-iron.parquet/",
              "-12",
              "2001",
              "300000",
              "128",
              "3",
              "s3://aero-iiot/datasets/e363549/iiot-analytics-pipeline/bronze/repartition-s3-parquet-filter-bronze.parquet"
            ]
          }
        }
      },
      "ResultPath": "$.firstStep",
      "Next": "Terminate_Repartition_Infra"
    },
    "Terminate_Repartition_Infra": {
      "Type": "Task",
      "Resource": "arn:aws-us-gov:states:us-gov-west-1:arn_number_id_here:elasticmapreduce:terminateCluster.sync",
      "Parameters": {
        "ClusterId.$": "$.cluster.ClusterId"
      },
      "Next": "Parallel_Jobs"
    },
    "Parallel_Jobs": {
      "Type": "Parallel",
      "Branches": [
        {
          "StartAt": "Create_Autoclaves_Infra",
          "States": {
            "Create_Autoclaves_Infra": {
              "Type": "Task",
              "Resource": "arn:aws-us-gov:states:us-gov-west-1:arn_number_id_here:elasticmapreduce:createCluster.sync",
              "Parameters": {
                "Name": "step3a",
                "VisibleToAllUsers": true,
                "ReleaseLabel": "emr-5.29.0",
                "Applications": [
                  {
                    "Name": "Hadoop"
                  },
                  {
                    "Name": "Spark"
                  }
                ],
                "ServiceRole": "EMR_DefaultRole",
                "JobFlowRole": "EMR_EC2_DefaultRole",
                "LogUri": "s3://aws-logs-arn_number_id_here-us-gov-west-1/elasticmapreduce/",
                "Instances": {
                  "KeepJobFlowAliveWhenNoSteps": true,
                  "InstanceGroups": [
                    {
                      "Name": "Master Instance Group",
                      "InstanceRole": "MASTER",
                      "InstanceCount": 1,
                      "InstanceType": "c5.18xlarge",
                      "Market": "ON_DEMAND"
                    },
                    {
                      "Name": "Core Instance Group",
                      "InstanceRole": "CORE",
                      "InstanceCount": 4,
                      "InstanceType": "c5.18xlarge",
                      "Market": "ON_DEMAND"
                    }
                  ],
                  "Ec2KeyName": "ec2_key_name",
                  "Ec2SubnetId": "subnet-id",
                  "EmrManagedMasterSecurityGroup": "sg-id",
                  "EmrManagedSlaveSecurityGroup": "sg-id",
                  "ServiceAccessSecurityGroup": "sg-id"
                },
                "Configurations": [
                  {
                    "Classification": "spark-env",
                    "Configurations": [
                      {
                        "Classification": "export",
                        "Properties": {
                          "PYSPARK_PYTHON": "/usr/bin/python3",
                          "PYSPARK_PYTHON_DRIVER": "/usr/bin/python3"
                        },
                        "Configurations": []
                      }
                    ],
                    "Properties": {}
                  },
                  {
                    "Classification": "spark-defaults",
                    "Properties": {
                      "spark.yarn.appMasterEnv.SPARK_HOME": "/usr/lib/spark",
                      "spark.yarn.appMasterEnv.PYSPARK_PYTHON": "/usr/bin/python3",
                      "spark.executorEnv.PYSPARK_PYTHON": "/usr/bin/python3",
                      "spark.executor.cores": "5",
                      "spark.driver.cores": "5",
                      "spark.driver.memory": "9000M",
                      "spark.executor.memory": "9000M",
                      "spark.executor.memoryOverhead": "1000M",
                      "spark.driver.memoryOverhead": "1000M",
                      "spark.default.parallelism": "550",
                      "spark.executor.instances": "55",
                      "spark.serializer": "org.apache.spark.serializer.KryoSerializer",
                      "spark.dynamicAllocation.enabled": "false",
                      "spark.executor.extraJavaOptions": "-XX:+UseG1GC -XX:+UnlockDiagnosticVMOptions -XX:+G1SummarizeConcMark -XX:InitiatingHeapOccupancyPercent=35 -verbose:gc -XX:+PrintGCDetails -XX:+PrintGCDateStamps -XX:OnOutOfMemoryError='kill -9 %p'",
                      "spark.driver.extraJavaOptions": "-XX:+UseG1GC -XX:+UnlockDiagnosticVMOptions -XX:+G1SummarizeConcMark -XX:InitiatingHeapOccupancyPercent=35 -verbose:gc -XX:+PrintGCDetails -XX:+PrintGCDateStamps -XX:OnOutOfMemoryError='kill -9 %p'"
                    }
                  },
                  {
                    "Classification": "yarn-site",
                    "Properties": {
                      "yarn.nodemanager.vmem-check-enabled": "false",
                      "yarn.nodemanager.pmem-check-enabled": "false"
                    }
                  }
                ]
              },
              "ResultPath": "$.cluster",
              "Next": "Autoclaves_Job_Step_1"
            },
            "Autoclaves_Job_Step_1": {
              "Type": "Task",
              "Resource": "arn:aws-us-gov:states:us-gov-west-1:arn_number_id_here:elasticmapreduce:addStep.sync",
              "Parameters": {
                "ClusterId.$": "$.cluster.ClusterId",
                "Step": {
                  "Name": "autoclaves",
                  "ActionOnFailure": "TERMINATE_CLUSTER",
                  "HadoopJarStep": {
                    "Jar": "command-runner.jar",
                    "Args": [
                      "spark-submit",
                      "--deploy-mode",
                      "cluster",
                      "--class",
                      "autoclavesIiotApp",
                      "s3://aero-iiot/datasets/e363549/iiot-analytics-pipeline/jars/transform-autoclave-devices-dataset_2.11-1.0.jar",
                      "256",
                      "s3://aero-iiot/datasets/e363549/iiot-analytics-pipeline/bronze/repartition-s3-parquet-filter-bronze.parquet/",
                      "AC1,AC2,AC3,AC_4,AC5",
                      "s3://aero-iiot/datasets/e363549/iiot-analytics-pipeline/schemas/ac1-data-items.txt,s3://aero-iiot/datasets/e363549/iiot-analytics-pipeline/schemas/ac2-data-items.txt,s3://aero-iiot/datasets/e363549/iiot-analytics-pipeline/schemas/ac3-data-items.txt,s3://aero-iiot/datasets/e363549/iiot-analytics-pipeline/schemas/ac4-data-items.txt,s3://aero-iiot/datasets/e363549/iiot-analytics-pipeline/schemas/ac5-data-items.txt",
                      "s3://aero-iiot/datasets/e363549/iiot-analytics-pipeline/silver/stage/pivot-s3-stage-ac1-silver.csv,s3://aero-iiot/datasets/e363549/iiot-analytics-pipeline/silver/stage/pivot-s3-stage-ac2-silver.csv,s3://aero-iiot/datasets/e363549/iiot-analytics-pipeline/silver/stage/pivot-s3-stage-ac3-silver.csv,s3://aero-iiot/datasets/e363549/iiot-analytics-pipeline/silver/stage/pivot-s3-stage-ac4-silver.csv,s3://aero-iiot/datasets/e363549/iiot-analytics-pipeline/silver/stage/pivot-s3-stage-ac5-silver.csv",
                      "s3://aero-iiot/datasets/e363549/iiot-analytics-pipeline/silver/parquet/pivot-s3-parquet-ac1-silver.parquet,s3://aero-iiot/datasets/e363549/iiot-analytics-pipeline/silver/parquet/pivot-s3-parquet-ac2-silver.parquet,s3://aero-iiot/datasets/e363549/iiot-analytics-pipeline/silver/parquet/pivot-s3-parquet-ac3-silver.parquet,s3://aero-iiot/datasets/e363549/iiot-analytics-pipeline/silver/parquet/pivot-s3-parquet-ac4-silver.parquet,s3://aero-iiot/datasets/e363549/iiot-analytics-pipeline/silver/parquet/pivot-s3-parquet-ac5-silver.parquet",
                      "s3://aero-iiot/datasets/e363549/iiot-analytics-pipeline/silver/csv/pivot-s3-csv-ac1-silver.csv,s3://aero-iiot/datasets/e363549/iiot-analytics-pipeline/silver/csv/pivot-s3-csv-ac2-silver.csv,s3://aero-iiot/datasets/e363549/iiot-analytics-pipeline/silver/csv/pivot-s3-csv-ac3-silver.csv,s3://aero-iiot/datasets/e363549/iiot-analytics-pipeline/silver/csv/pivot-s3-csv-ac4-silver.csv,s3://aero-iiot/datasets/e363549/iiot-analytics-pipeline/silver/csv/pivot-s3-csv-ac5-silver.csv",
                      "8",
                      "50"
                    ]
                  }
                }
              },
              "ResultPath": "$.firstStep",
              "Next": "Terminate_Autoclaves_Infra"
            },
            "Terminate_Autoclaves_Infra": {
              "Type": "Task",
              "Resource": "arn:aws-us-gov:states:us-gov-west-1:arn_number_id_here:elasticmapreduce:terminateCluster.sync",
              "Parameters": {
                "ClusterId.$": "$.cluster.ClusterId"
              },
              "End": true
            }
          }
        },
        {
          "StartAt": "Create_Mills_Infra",
          "States": {
            "Create_Mills_Infra": {
              "Type": "Task",
              "Resource": "arn:aws-us-gov:states:us-gov-west-1:arn_number_id_here:elasticmapreduce:createCluster.sync",
              "Parameters": {
                "Name": "step3b",
                "VisibleToAllUsers": true,
                "ReleaseLabel": "emr-5.29.0",
                "Applications": [
                  {
                    "Name": "Hadoop"
                  },
                  {
                    "Name": "Spark"
                  }
                ],
                "ServiceRole": "EMR_DefaultRole",
                "JobFlowRole": "EMR_EC2_DefaultRole",
                "LogUri": "s3://aws-logs-arn_number_id_here-us-gov-west-1/elasticmapreduce/",
                "Instances": {
                  "KeepJobFlowAliveWhenNoSteps": true,
                  "InstanceGroups": [
                    {
                      "Name": "Master Instance Group",
                      "InstanceRole": "MASTER",
                      "InstanceCount": 1,
                      "InstanceType": "c5.18xlarge",
                      "Market": "ON_DEMAND"
                    },
                    {
                      "Name": "Core Instance Group",
                      "InstanceRole": "CORE",
                      "InstanceCount": 4,
                      "InstanceType": "c5.18xlarge",
                      "Market": "ON_DEMAND"
                    }
                  ],
                  "Ec2KeyName": "ec2_key_name",
                  "Ec2SubnetId": "subnet-id",
                  "EmrManagedMasterSecurityGroup": "sg-id",
                  "EmrManagedSlaveSecurityGroup": "sg-id",
                  "ServiceAccessSecurityGroup": "sg-id"
                },
                "Configurations": [
                  {
                    "Classification": "spark-env",
                    "Configurations": [
                      {
                        "Classification": "export",
                        "Properties": {
                          "PYSPARK_PYTHON": "/usr/bin/python3",
                          "PYSPARK_PYTHON_DRIVER": "/usr/bin/python3"
                        },
                        "Configurations": []
                      }
                    ],
                    "Properties": {}
                  },
                  {
                    "Classification": "spark-defaults",
                    "Properties": {
                      "spark.yarn.appMasterEnv.SPARK_HOME": "/usr/lib/spark",
                      "spark.yarn.appMasterEnv.PYSPARK_PYTHON": "/usr/bin/python3",
                      "spark.executorEnv.PYSPARK_PYTHON": "/usr/bin/python3",
                      "spark.executor.cores": "5",
                      "spark.driver.cores": "5",
                      "spark.driver.memory": "9000M",
                      "spark.executor.memory": "9000M",
                      "spark.executor.memoryOverhead": "1000M",
                      "spark.driver.memoryOverhead": "1000M",
                      "spark.default.parallelism": "550",
                      "spark.executor.instances": "55",
                      "spark.serializer": "org.apache.spark.serializer.KryoSerializer",
                      "spark.dynamicAllocation.enabled": "false",
                      "spark.executor.extraJavaOptions": "-XX:+UseG1GC -XX:+UnlockDiagnosticVMOptions -XX:+G1SummarizeConcMark -XX:InitiatingHeapOccupancyPercent=35 -verbose:gc -XX:+PrintGCDetails -XX:+PrintGCDateStamps -XX:OnOutOfMemoryError='kill -9 %p'",
                      "spark.driver.extraJavaOptions": "-XX:+UseG1GC -XX:+UnlockDiagnosticVMOptions -XX:+G1SummarizeConcMark -XX:InitiatingHeapOccupancyPercent=35 -verbose:gc -XX:+PrintGCDetails -XX:+PrintGCDateStamps -XX:OnOutOfMemoryError='kill -9 %p'"
                    }
                  },
                  {
                    "Classification": "yarn-site",
                    "Properties": {
                      "yarn.nodemanager.vmem-check-enabled": "false",
                      "yarn.nodemanager.pmem-check-enabled": "false"
                    }
                  }
                ]
              },
              "ResultPath": "$.cluster",
              "Next": "Mills_Job_Step_1"
            },
            "Mills_Job_Step_1": {
              "Type": "Task",
              "Resource": "arn:aws-us-gov:states:us-gov-west-1:arn_number_id_here:elasticmapreduce:addStep.sync",
              "Parameters": {
                "ClusterId.$": "$.cluster.ClusterId",
                "Step": {
                  "Name": "mills",
                  "ActionOnFailure": "TERMINATE_CLUSTER",
                  "HadoopJarStep": {
                    "Jar": "command-runner.jar",
                    "Args": [
                      "spark-submit",
                      "--deploy-mode",
                      "cluster",
                      "--class",
                      "millsIiotApp",
                      "s3://aero-iiot/datasets/e363549/iiot-analytics-pipeline/jars/transform-mill-devices-dataset_2.11-1.0.jar",
                      "256",
                      "s3://aero-iiot/datasets/e363549/iiot-analytics-pipeline/bronze/repartition-s3-parquet-filter-bronze.parquet/",
                      "FOG_1,FOG_2,DIAMOND_NORTH,DIAMOND_SOUTH",
                      "s3://aero-iiot/datasets/e363549/iiot-analytics-pipeline/schemas/fog1-data-items.txt,s3://aero-iiot/datasets/e363549/iiot-analytics-pipeline/schemas/fog2-data-items.txt,s3://aero-iiot/datasets/e363549/iiot-analytics-pipeline/schemas/diamond-north-data-items.txt,s3://aero-iiot/datasets/e363549/iiot-analytics-pipeline/schemas/diamond-south-data-items.txt",
                      "s3://aero-iiot/datasets/e363549/iiot-analytics-pipeline/silver/stage/pivot-s3-stage-fog1-silver.csv,s3://aero-iiot/datasets/e363549/iiot-analytics-pipeline/silver/stage/pivot-s3-stage-fog2-silver.csv,s3://aero-iiot/datasets/e363549/iiot-analytics-pipeline/silver/stage/pivot-s3-stage-diamond-north-silver.csv,s3://aero-iiot/datasets/e363549/iiot-analytics-pipeline/silver/stage/pivot-s3-stage-diamond-south-silver.csv",
                      "s3://aero-iiot/datasets/e363549/iiot-analytics-pipeline/silver/parquet/pivot-s3-parquet-fog1-silver.parquet,s3://aero-iiot/datasets/e363549/iiot-analytics-pipeline/silver/parquet/pivot-s3-parquet-fog2-silver.parquet,s3://aero-iiot/datasets/e363549/iiot-analytics-pipeline/silver/parquet/pivot-s3-parquet-diamond-north-silver.parquet,s3://aero-iiot/datasets/e363549/iiot-analytics-pipeline/silver/parquet/pivot-s3-parquet-diamond-south-silver.parquet",
                      "s3://aero-iiot/datasets/e363549/iiot-analytics-pipeline/silver/csv/pivot-s3-csv-fog1-silver.csv,s3://aero-iiot/datasets/e363549/iiot-analytics-pipeline/silver/csv/pivot-s3-csv-fog2-silver.csv,s3://aero-iiot/datasets/e363549/iiot-analytics-pipeline/silver/csv/pivot-s3-csv-diamond-north-silver.csv,s3://aero-iiot/datasets/e363549/iiot-analytics-pipeline/silver/csv/pivot-s3-csv-diamond-south-silver.csv",
                      "8",
                      "50"
                    ]
                  }
                }
              },
              "ResultPath": "$.firstStep",
              "Next": "Terminate_Mills_Infra"
            },
            "Terminate_Mills_Infra": {
              "Type": "Task",
              "Resource": "arn:aws-us-gov:states:us-gov-west-1:arn_number_id_here:elasticmapreduce:terminateCluster.sync",
              "Parameters": {
                "ClusterId.$": "$.cluster.ClusterId"
              },
              "End": true
            }
          }
        },
        {
          "StartAt": "Create_Drills_Infra",
          "States": {
            "Create_Drills_Infra": {
              "Type": "Task",
              "Resource": "arn:aws-us-gov:states:us-gov-west-1:arn_number_id_here:elasticmapreduce:createCluster.sync",
              "Parameters": {
                "Name": "step3c",
                "VisibleToAllUsers": true,
                "ReleaseLabel": "emr-5.29.0",
                "Applications": [
                  {
                    "Name": "Hadoop"
                  },
                  {
                    "Name": "Spark"
                  }
                ],
                "ServiceRole": "EMR_DefaultRole",
                "JobFlowRole": "EMR_EC2_DefaultRole",
                "LogUri": "s3://aws-logs-arn_number_id_here-us-gov-west-1/elasticmapreduce/",
                "Instances": {
                  "KeepJobFlowAliveWhenNoSteps": true,
                  "InstanceGroups": [
                    {
                      "Name": "Master Instance Group",
                      "InstanceRole": "MASTER",
                      "InstanceCount": 1,
                      "InstanceType": "c5.18xlarge",
                      "Market": "ON_DEMAND"
                    },
                    {
                      "Name": "Core Instance Group",
                      "InstanceRole": "CORE",
                      "InstanceCount": 4,
                      "InstanceType": "c5.18xlarge",
                      "Market": "ON_DEMAND"
                    }
                  ],
                  "Ec2KeyName": "ec2_key_name",
                  "Ec2SubnetId": "subnet-id",
                  "EmrManagedMasterSecurityGroup": "sg-id",
                  "EmrManagedSlaveSecurityGroup": "sg-id",
                  "ServiceAccessSecurityGroup": "sg-id"
                },
                "Configurations": [
                  {
                    "Classification": "spark-env",
                    "Configurations": [
                      {
                        "Classification": "export",
                        "Properties": {
                          "PYSPARK_PYTHON": "/usr/bin/python3",
                          "PYSPARK_PYTHON_DRIVER": "/usr/bin/python3"
                        },
                        "Configurations": []
                      }
                    ],
                    "Properties": {}
                  },
                  {
                    "Classification": "spark-defaults",
                    "Properties": {
                      "spark.yarn.appMasterEnv.SPARK_HOME": "/usr/lib/spark",
                      "spark.yarn.appMasterEnv.PYSPARK_PYTHON": "/usr/bin/python3",
                      "spark.executorEnv.PYSPARK_PYTHON": "/usr/bin/python3",
                      "spark.executor.cores": "5",
                      "spark.driver.cores": "5",
                      "spark.driver.memory": "9000M",
                      "spark.executor.memory": "9000M",
                      "spark.executor.memoryOverhead": "1000M",
                      "spark.driver.memoryOverhead": "1000M",
                      "spark.default.parallelism": "550",
                      "spark.executor.instances": "55",
                      "spark.serializer": "org.apache.spark.serializer.KryoSerializer",
                      "spark.dynamicAllocation.enabled": "false",
                      "spark.executor.extraJavaOptions": "-XX:+UseG1GC -XX:+UnlockDiagnosticVMOptions -XX:+G1SummarizeConcMark -XX:InitiatingHeapOccupancyPercent=35 -verbose:gc -XX:+PrintGCDetails -XX:+PrintGCDateStamps -XX:OnOutOfMemoryError='kill -9 %p'",
                      "spark.driver.extraJavaOptions": "-XX:+UseG1GC -XX:+UnlockDiagnosticVMOptions -XX:+G1SummarizeConcMark -XX:InitiatingHeapOccupancyPercent=35 -verbose:gc -XX:+PrintGCDetails -XX:+PrintGCDateStamps -XX:OnOutOfMemoryError='kill -9 %p'"
                    }
                  },
                  {
                    "Classification": "yarn-site",
                    "Properties": {
                      "yarn.nodemanager.vmem-check-enabled": "false",
                      "yarn.nodemanager.pmem-check-enabled": "false"
                    }
                  }
                ]
              },
              "ResultPath": "$.cluster",
              "Next": "Drills_Job_Step_1"
            },
            "Drills_Job_Step_1": {
              "Type": "Task",
              "Resource": "arn:aws-us-gov:states:us-gov-west-1:arn_number_id_here:elasticmapreduce:addStep.sync",
              "Parameters": {
                "ClusterId.$": "$.cluster.ClusterId",
                "Step": {
                  "Name": "drills",
                  "ActionOnFailure": "TERMINATE_CLUSTER",
                  "HadoopJarStep": {
                    "Jar": "command-runner.jar",
                    "Args": [
                      "spark-submit",
                      "--deploy-mode",
                      "cluster",
                      "--class",
                      "drillsIiotApp",
                      "s3://aero-iiot/datasets/e363549/iiot-analytics-pipeline/jars/transform-drill-devices-dataset_2.11-1.0.jar",
                      "256",
                      "s3://aero-iiot/datasets/e363549/iiot-analytics-pipeline/bronze/repartition-s3-parquet-filter-bronze.parquet/",
                      "FAD_1,FAD_2",
                      "s3://aero-iiot/datasets/e363549/iiot-analytics-pipeline/schemas/fad1-data-items.txt,s3://aero-iiot/datasets/e363549/iiot-analytics-pipeline/schemas/fad2-data-items.txt",
                      "s3://aero-iiot/datasets/e363549/iiot-analytics-pipeline/silver/stage/pivot-s3-stage-fad1-silver.csv,s3://aero-iiot/datasets/e363549/iiot-analytics-pipeline/silver/stage/pivot-s3-stage-fad2-silver.csv",
                      "s3://aero-iiot/datasets/e363549/iiot-analytics-pipeline/silver/parquet/pivot-s3-parquet-fad1-silver.parquet,s3://aero-iiot/datasets/e363549/iiot-analytics-pipeline/silver/parquet/pivot-s3-parquet-fad2-silver.parquet",
                      "s3://aero-iiot/datasets/e363549/iiot-analytics-pipeline/silver/csv/pivot-s3-csv-fad1-silver.csv,s3://aero-iiot/datasets/e363549/iiot-analytics-pipeline/silver/csv/pivot-s3-csv-fad2-silver.csv",
                      "8",
                      "50"
                    ]
                  }
                }
              },
              "ResultPath": "$.firstStep",
              "Next": "Terminate_Drills_Infra"
            },
            "Terminate_Drills_Infra": {
              "Type": "Task",
              "Resource": "arn:aws-us-gov:states:us-gov-west-1:arn_number_id_here:elasticmapreduce:terminateCluster.sync",
              "Parameters": {
                "ClusterId.$": "$.cluster.ClusterId"
              },
              "End": true
            }
          }
        },
        {
          "StartAt": "Create_TubeBenders_Infra",
          "States": {
            "Create_TubeBenders_Infra": {
              "Type": "Task",
              "Resource": "arn:aws-us-gov:states:us-gov-west-1:arn_number_id_here:elasticmapreduce:createCluster.sync",
              "Parameters": {
                "Name": "step3d",
                "VisibleToAllUsers": true,
                "ReleaseLabel": "emr-5.29.0",
                "Applications": [
                  {
                    "Name": "Hadoop"
                  },
                  {
                    "Name": "Spark"
                  }
                ],
                "ServiceRole": "EMR_DefaultRole",
                "JobFlowRole": "EMR_EC2_DefaultRole",
                "LogUri": "s3://aws-logs-arn_number_id_here-us-gov-west-1/elasticmapreduce/",
                "Instances": {
                  "KeepJobFlowAliveWhenNoSteps": true,
                  "InstanceGroups": [
                    {
                      "Name": "Master Instance Group",
                      "InstanceRole": "MASTER",
                      "InstanceCount": 1,
                      "InstanceType": "c5.18xlarge",
                      "Market": "ON_DEMAND"
                    },
                    {
                      "Name": "Core Instance Group",
                      "InstanceRole": "CORE",
                      "InstanceCount": 4,
                      "InstanceType": "c5.18xlarge",
                      "Market": "ON_DEMAND"
                    }
                  ],
                  "Ec2KeyName": "ec2_key_name",
                  "Ec2SubnetId": "subnet-id",
                  "EmrManagedMasterSecurityGroup": "sg-id",
                  "EmrManagedSlaveSecurityGroup": "sg-id",
                  "ServiceAccessSecurityGroup": "sg-id"
                },
                "Configurations": [
                  {
                    "Classification": "spark-env",
                    "Configurations": [
                      {
                        "Classification": "export",
                        "Properties": {
                          "PYSPARK_PYTHON": "/usr/bin/python3",
                          "PYSPARK_PYTHON_DRIVER": "/usr/bin/python3"
                        },
                        "Configurations": []
                      }
                    ],
                    "Properties": {}
                  },
                  {
                    "Classification": "spark-defaults",
                    "Properties": {
                      "spark.yarn.appMasterEnv.SPARK_HOME": "/usr/lib/spark",
                      "spark.yarn.appMasterEnv.PYSPARK_PYTHON": "/usr/bin/python3",
                      "spark.executorEnv.PYSPARK_PYTHON": "/usr/bin/python3",
                      "spark.executor.cores": "5",
                      "spark.driver.cores": "5",
                      "spark.driver.memory": "9000M",
                      "spark.executor.memory": "9000M",
                      "spark.executor.memoryOverhead": "1000M",
                      "spark.driver.memoryOverhead": "1000M",
                      "spark.default.parallelism": "550",
                      "spark.executor.instances": "55",
                      "spark.serializer": "org.apache.spark.serializer.KryoSerializer",
                      "spark.dynamicAllocation.enabled": "false",
                      "spark.executor.extraJavaOptions": "-XX:+UseG1GC -XX:+UnlockDiagnosticVMOptions -XX:+G1SummarizeConcMark -XX:InitiatingHeapOccupancyPercent=35 -verbose:gc -XX:+PrintGCDetails -XX:+PrintGCDateStamps -XX:OnOutOfMemoryError='kill -9 %p'",
                      "spark.driver.extraJavaOptions": "-XX:+UseG1GC -XX:+UnlockDiagnosticVMOptions -XX:+G1SummarizeConcMark -XX:InitiatingHeapOccupancyPercent=35 -verbose:gc -XX:+PrintGCDetails -XX:+PrintGCDateStamps -XX:OnOutOfMemoryError='kill -9 %p'"
                    }
                  },
                  {
                    "Classification": "yarn-site",
                    "Properties": {
                      "yarn.nodemanager.vmem-check-enabled": "false",
                      "yarn.nodemanager.pmem-check-enabled": "false"
                    }
                  }
                ]
              },
              "ResultPath": "$.cluster",
              "Next": "TubeBenders_Job_Step_1"
            },
            "TubeBenders_Job_Step_1": {
              "Type": "Task",
              "Resource": "arn:aws-us-gov:states:us-gov-west-1:arn_number_id_here:elasticmapreduce:addStep.sync",
              "Parameters": {
                "ClusterId.$": "$.cluster.ClusterId",
                "Step": {
                  "Name": "tubebenders",
                  "ActionOnFailure": "TERMINATE_CLUSTER",
                  "HadoopJarStep": {
                    "Jar": "command-runner.jar",
                    "Args": [
                      "spark-submit",
                      "--deploy-mode",
                      "cluster",
                      "--class",
                      "tubeBendersIiotApp",
                      "s3://aero-iiot/datasets/e363549/iiot-analytics-pipeline/jars/transform-tube-bender-devices-dataset_2.11-1.0.jar",
                      "256",
                      "s3://aero-iiot/datasets/e363549/iiot-analytics-pipeline/bronze/repartition-s3-parquet-filter-bronze.parquet/",
                      "CRIPPA_NE,CRIPPA_NW,CRIPPA_SE,CRIPPA_SW",
                      "s3://aero-iiot/datasets/e363549/iiot-analytics-pipeline/schemas/crippa-ne-data-items.txt,s3://aero-iiot/datasets/e363549/iiot-analytics-pipeline/schemas/crippa-nw-data-items.txt,s3://aero-iiot/datasets/e363549/iiot-analytics-pipeline/schemas/crippa-se-data-items.txt,s3://aero-iiot/datasets/e363549/iiot-analytics-pipeline/schemas/crippa-sw-data-items.txt",
                      "s3://aero-iiot/datasets/e363549/iiot-analytics-pipeline/silver/stage/pivot-s3-stage-crippa-ne-silver.csv,s3://aero-iiot/datasets/e363549/iiot-analytics-pipeline/silver/stage/pivot-s3-stage-crippa-nw-silver.csv,s3://aero-iiot/datasets/e363549/iiot-analytics-pipeline/silver/stage/pivot-s3-stage-crippa-se-silver.csv,s3://aero-iiot/datasets/e363549/iiot-analytics-pipeline/silver/stage/pivot-s3-stage-crippa-sw-silver.csv",
                      "s3://aero-iiot/datasets/e363549/iiot-analytics-pipeline/silver/parquet/pivot-s3-parquet-crippa-ne-silver.parquet,s3://aero-iiot/datasets/e363549/iiot-analytics-pipeline/silver/parquet/pivot-s3-parquet-crippa-nw-silver.parquet,s3://aero-iiot/datasets/e363549/iiot-analytics-pipeline/silver/parquet/pivot-s3-parquet-crippa-se-silver.parquet,s3://aero-iiot/datasets/e363549/iiot-analytics-pipeline/silver/parquet/pivot-s3-parquet-crippa-sw-silver.parquet",
                      "s3://aero-iiot/datasets/e363549/iiot-analytics-pipeline/silver/csv/pivot-s3-csv-crippa-ne-silver.csv,s3://aero-iiot/datasets/e363549/iiot-analytics-pipeline/silver/csv/pivot-s3-csv-crippa-nw-silver.csv,s3://aero-iiot/datasets/e363549/iiot-analytics-pipeline/silver/csv/pivot-s3-csv-crippa-se-silver.csv,s3://aero-iiot/datasets/e363549/iiot-analytics-pipeline/silver/csv/pivot-s3-csv-crippa-sw-silver.csv",
                      "8",
                      "50"
                    ]
                  }
                }
              },
              "ResultPath": "$.firstStep",
              "Next": "Terminate_TubeBenders_Infra"
            },
            "Terminate_TubeBenders_Infra": {
              "Type": "Task",
              "Resource": "arn:aws-us-gov:states:us-gov-west-1:arn_number_id_here:elasticmapreduce:terminateCluster.sync",
              "Parameters": {
                "ClusterId.$": "$.cluster.ClusterId"
              },
              "End": true
            }
          }
        }
      ],
      "End": true
    }
  }
}